{"cameraMode":{"drawMode":0,"name":"Shaded","section":"Shading Mode"},"sceneLighting":false,"audioPlay":false,"sceneViewState":{"showFog":true,"showMaterialUpdate":false,"showSkybox":false,"showFlares":true,"showImageEffects":true,"showParticleSystems":true},"in2DMode":false,"pivot":{"x":-4.587649822235107,"y":0.9978218078613281,"z":-0.7429200410842896},"rotation":{"x":-0.059805069118738177,"y":0.6378999948501587,"z":-0.05044664815068245,"w":-0.7662879228591919},"size":1.9811594486236573,"orthographic":false}