{"cameraMode":{"drawMode":0,"name":"Shaded","section":"Shading Mode"},"sceneLighting":false,"audioPlay":false,"sceneViewState":{"showFog":true,"showMaterialUpdate":false,"showSkybox":false,"showFlares":true,"showImageEffects":true,"showParticleSystems":true},"in2DMode":false,"pivot":{"x":38.783294677734378,"y":7.6498823165893559,"z":23.403724670410158},"rotation":{"x":-0.13251392543315888,"y":-0.0035601865965873005,"z":0.00042993080569431186,"w":-0.9912322163581848},"size":57.94035720825195,"orthographic":false}