{"cameraMode":{"drawMode":0,"name":"Shaded","section":"Shading Mode"},"sceneLighting":false,"audioPlay":false,"sceneViewState":{"showFog":true,"showMaterialUpdate":false,"showSkybox":false,"showFlares":true,"showImageEffects":true,"showParticleSystems":true},"in2DMode":false,"pivot":{"x":-0.06881260871887207,"y":3.4015307426452638,"z":10.866706848144532},"rotation":{"x":0.10932006686925888,"y":-0.06735771894454956,"z":0.007876602932810784,"w":0.9918193817138672},"size":4.587735652923584,"orthographic":false}