{"cameraMode":{"drawMode":0,"name":"Shaded","section":"Shading Mode"},"sceneLighting":true,"audioPlay":false,"sceneViewState":{"showFog":true,"showMaterialUpdate":false,"showSkybox":true,"showFlares":true,"showImageEffects":true,"showParticleSystems":true},"in2DMode":false,"pivot":{"x":-1.257295846939087,"y":-2.147372245788574,"z":-5.193565368652344},"rotation":{"x":-0.08515015244483948,"y":0.903834342956543,"z":-0.35945573449134829,"w":-0.2165885716676712},"size":9.21798324584961,"orthographic":false}