{"cameraMode":{"drawMode":0,"name":"Shaded","section":"Shading Mode"},"sceneLighting":true,"audioPlay":false,"sceneViewState":{"showFog":true,"showMaterialUpdate":false,"showSkybox":true,"showFlares":true,"showImageEffects":true,"showParticleSystems":true},"in2DMode":false,"pivot":{"x":0.23664487898349763,"y":1.0933750867843629,"z":-2.506462574005127},"rotation":{"x":-0.001865125261247158,"y":0.9840656518936157,"z":-0.17754565179347993,"w":-0.01033296249806881},"size":3.159749984741211,"orthographic":false}