{"cameraMode":{"drawMode":0,"name":"Shaded","section":"Shading Mode"},"sceneLighting":true,"audioPlay":false,"sceneViewState":{"showFog":true,"showMaterialUpdate":false,"showSkybox":true,"showFlares":true,"showImageEffects":true,"showParticleSystems":true},"in2DMode":false,"pivot":{"x":-0.23827272653579713,"y":1.675732135772705,"z":-1.9423408508300782},"rotation":{"x":0.31487226486206057,"y":0.6306819915771484,"z":-0.3117028772830963,"w":0.637162983417511},"size":1.276453971862793,"orthographic":false}