{"cameraMode":{"drawMode":0,"name":"Shaded","section":"Shading Mode"},"sceneLighting":true,"audioPlay":false,"sceneViewState":{"showFog":true,"showMaterialUpdate":false,"showSkybox":true,"showFlares":true,"showImageEffects":true,"showParticleSystems":true},"in2DMode":false,"pivot":{"x":-0.2087709903717041,"y":1.1449878215789796,"z":1.0320239067077637},"rotation":{"x":-0.13459183275699616,"y":-0.11328732222318649,"z":0.015500200912356377,"w":-0.9842944741249085},"size":4.282005310058594,"orthographic":false}