{"cameraMode":{"drawMode":0,"name":"Shaded","section":"Shading Mode"},"sceneLighting":false,"audioPlay":false,"sceneViewState":{"showFog":true,"showMaterialUpdate":false,"showSkybox":false,"showFlares":true,"showImageEffects":true,"showParticleSystems":true},"in2DMode":false,"pivot":{"x":-0.035105347633361819,"y":1.0371382236480713,"z":-6.225179672241211},"rotation":{"x":0.16846652328968049,"y":0.8314885497093201,"z":-0.3698395788669586,"w":0.3788381516933441},"size":4.961098670959473,"orthographic":false}