{"cameraMode":{"drawMode":0,"name":"Shaded","section":"Shading Mode"},"sceneLighting":false,"audioPlay":false,"sceneViewState":{"showFog":true,"showMaterialUpdate":false,"showSkybox":false,"showFlares":true,"showImageEffects":true,"showParticleSystems":true},"in2DMode":false,"pivot":{"x":-5.064387321472168,"y":0.656053364276886,"z":-1.4590377807617188},"rotation":{"x":0.15492434799671174,"y":-0.6368552446365356,"z":0.13330848515033723,"w":0.74355548620224},"size":3.181159257888794,"orthographic":false}